{
  "properties": {
    "connectionReferences": {
      "shared_commondataserviceforapps": {
        "runtimeSource": "embedded",
        "connection": {
          "connectionReferenceLogicalName": "pwrtrnr_sharedcommondataserviceforapps_c50f5"
        },
        "api": {
          "name": "shared_commondataserviceforapps"
        }
      }
    },
    "definition": {
      "$schema": "https://schema.management.azure.com/providers/Microsoft.Logic/schemas/2016-06-01/workflowdefinition.json#",
      "contentVersion": "undefined",
      "parameters": {
        "$connections": {
          "defaultValue": {},
          "type": "Object"
        },
        "$authentication": {
          "defaultValue": {},
          "type": "SecureObject"
        }
      },
      "triggers": {
        "manual": {
          "metadata": {
            "operationMetadataId": "5c8480bc-f912-4465-a273-8c4ffc6e658a"
          },
          "type": "Request",
          "kind": "PowerAppV2",
          "inputs": {
            "schema": {
              "type": "object",
              "properties": {
                "text": {
                  "description": "Please enter your input",
                  "title": "ButtonClicked",
                  "type": "string",
                  "x-ms-content-hint": "TEXT",
                  "x-ms-dynamically-added": true
                },
                "text_1": {
                  "description": "Please enter your input",
                  "title": "InputText",
                  "type": "string",
                  "x-ms-content-hint": "TEXT",
                  "x-ms-dynamically-added": true
                }
              },
              "required": [
                "text",
                "text_1"
              ]
            }
          }
        }
      },
      "actions": {
        "Switch": {
          "runAfter": {
            "Initialize_variable_FinalResult": [
              "Succeeded"
            ]
          },
          "cases": {
            "Case_AI_Sentiment": {
              "case": "AI Sentiment",
              "actions": {
                "Create_text_with_GPT_using_a_prompt_2": {
                  "runAfter": {},
                  "metadata": {
                    "operationMetadataId": "d7c211dd-0927-468e-bea1-745297dc1cf7",
                    "flowSystemMetadata": {
                      "portalOperationId": "aibuilderpredict_customprompt",
                      "portalOperationGroup": "aibuilder",
                      "portalOperationApiDisplayNameOverride": "AI Builder",
                      "portalOperationIconOverride": "https://content.powerapps.com/resource/makerx/static/pauto/images/designeroperations/aiBuilderNew.51dbdb6b.png",
                      "portalOperationBrandColorOverride": "#0A76C4",
                      "portalOperationApiTierOverride": "Standard"
                    }
                  },
                  "type": "OpenApiConnection",
                  "inputs": {
                    "host": {
                      "connectionName": "shared_commondataserviceforapps",
                      "operationId": "aibuilderpredict_customprompt",
                      "apiId": "/providers/Microsoft.PowerApps/apis/shared_commondataserviceforapps"
                    },
                    "parameters": {
                      "recordId": "b9b636cf-9748-47a7-b617-6df5f00f5151",
                      "item/requestv2/inputText": "@triggerBody()['text_1']"
                    },
                    "authentication": "@parameters('$authentication')"
                  }
                },
                "Set_variable": {
                  "runAfter": {
                    "Create_text_with_GPT_using_a_prompt_2": [
                      "Succeeded"
                    ]
                  },
                  "metadata": {
                    "operationMetadataId": "19143b24-39b3-40a0-9363-11b05847158d"
                  },
                  "type": "SetVariable",
                  "inputs": {
                    "name": "FinalResult",
                    "value": "@outputs('Create_text_with_GPT_using_a_prompt_2')?['body/responsev2/predictionOutput/text']"
                  }
                }
              }
            },
            "Case": {
              "case": "AI Summarize",
              "actions": {
                "Create_text_with_GPT_using_a_prompt_3": {
                  "runAfter": {},
                  "metadata": {
                    "operationMetadataId": "79f69ba2-92b6-47ef-ac61-eb976ebe3f17",
                    "flowSystemMetadata": {
                      "portalOperationId": "aibuilderpredict_customprompt",
                      "portalOperationGroup": "aibuilder",
                      "portalOperationApiDisplayNameOverride": "AI Builder",
                      "portalOperationIconOverride": "https://content.powerapps.com/resource/makerx/static/pauto/images/designeroperations/aiBuilderNew.51dbdb6b.png",
                      "portalOperationBrandColorOverride": "#0A76C4",
                      "portalOperationApiTierOverride": "Standard"
                    }
                  },
                  "type": "OpenApiConnection",
                  "inputs": {
                    "host": {
                      "connectionName": "shared_commondataserviceforapps",
                      "operationId": "aibuilderpredict_customprompt",
                      "apiId": "/providers/Microsoft.PowerApps/apis/shared_commondataserviceforapps"
                    },
                    "parameters": {
                      "recordId": "c076eac8-f218-4feb-8ad1-7ee4fb039419",
                      "item/requestv2/inputText": "@triggerBody()['text_1']"
                    },
                    "authentication": "@parameters('$authentication')"
                  }
                },
                "Set_variable_3": {
                  "runAfter": {
                    "Create_text_with_GPT_using_a_prompt_3": [
                      "Succeeded"
                    ]
                  },
                  "metadata": {
                    "operationMetadataId": "8269d897-ceea-40d6-83f6-47274f3f20a8"
                  },
                  "type": "SetVariable",
                  "inputs": {
                    "name": "FinalResult",
                    "value": "@outputs('Create_text_with_GPT_using_a_prompt_3')?['body/responsev2/predictionOutput/text']"
                  }
                }
              }
            },
            "Case_2": {
              "case": "AI Reply",
              "actions": {
                "Create_text_with_GPT_using_a_prompt": {
                  "runAfter": {},
                  "metadata": {
                    "operationMetadataId": "619566a6-f265-45a3-abda-26286f527526",
                    "flowSystemMetadata": {
                      "portalOperationId": "aibuilderpredict_customprompt",
                      "portalOperationGroup": "aibuilder",
                      "portalOperationApiDisplayNameOverride": "AI Builder",
                      "portalOperationIconOverride": "https://content.powerapps.com/resource/makerx/static/pauto/images/designeroperations/aiBuilderNew.51dbdb6b.png",
                      "portalOperationBrandColorOverride": "#0A76C4",
                      "portalOperationApiTierOverride": "Standard"
                    }
                  },
                  "type": "OpenApiConnection",
                  "inputs": {
                    "host": {
                      "connectionName": "shared_commondataserviceforapps",
                      "operationId": "aibuilderpredict_customprompt",
                      "apiId": "/providers/Microsoft.PowerApps/apis/shared_commondataserviceforapps"
                    },
                    "parameters": {
                      "recordId": "572f57a7-7a8f-49fc-adb4-331e02c509a6",
                      "item/requestv2/inputText": "@triggerBody()['text_1']"
                    },
                    "authentication": "@parameters('$authentication')"
                  }
                },
                "Set_variable_2": {
                  "runAfter": {
                    "Create_text_with_GPT_using_a_prompt": [
                      "Succeeded"
                    ]
                  },
                  "metadata": {
                    "operationMetadataId": "108eecd0-73a3-42df-bf6b-5227e75df966"
                  },
                  "type": "SetVariable",
                  "inputs": {
                    "name": "FinalResult",
                    "value": "@outputs('Create_text_with_GPT_using_a_prompt')?['body/responsev2/predictionOutput/text']"
                  }
                }
              }
            },
            "Case_3": {
              "case": "AI Classify",
              "actions": {
                "Create_text_with_GPT_using_a_prompt_4": {
                  "runAfter": {},
                  "metadata": {
                    "operationMetadataId": "0ee1d7d6-b2be-4e45-a293-435a608045cc",
                    "flowSystemMetadata": {
                      "portalOperationId": "aibuilderpredict_customprompt",
                      "portalOperationGroup": "aibuilder",
                      "portalOperationApiDisplayNameOverride": "AI Builder",
                      "portalOperationIconOverride": "https://content.powerapps.com/resource/makerx/static/pauto/images/designeroperations/aiBuilderNew.51dbdb6b.png",
                      "portalOperationBrandColorOverride": "#0A76C4",
                      "portalOperationApiTierOverride": "Standard"
                    }
                  },
                  "type": "OpenApiConnection",
                  "inputs": {
                    "host": {
                      "connectionName": "shared_commondataserviceforapps",
                      "operationId": "aibuilderpredict_customprompt",
                      "apiId": "/providers/Microsoft.PowerApps/apis/shared_commondataserviceforapps"
                    },
                    "parameters": {
                      "recordId": "2bcd7b94-50bc-4767-af4a-367c63fb5487",
                      "item/requestv2/inputText": "@triggerBody()['text_1']",
                      "item/requestv2/inputCategories": "Software,Hardware,Network,None"
                    },
                    "authentication": "@parameters('$authentication')"
                  }
                },
                "Set_variable_4": {
                  "runAfter": {
                    "Create_text_with_GPT_using_a_prompt_4": [
                      "Succeeded"
                    ]
                  },
                  "metadata": {
                    "operationMetadataId": "1d1aba2b-c7da-4c27-b53f-00128cb42278"
                  },
                  "type": "SetVariable",
                  "inputs": {
                    "name": "FinalResult",
                    "value": "@triggerBody()['text_1']"
                  }
                }
              }
            },
            "Case_4": {
              "case": "AI Extract",
              "actions": {
                "Create_text_with_GPT_using_a_prompt_5": {
                  "runAfter": {},
                  "metadata": {
                    "operationMetadataId": "60b2ec3a-71b4-4f8b-9259-07f4a9d1fc8d",
                    "flowSystemMetadata": {
                      "portalOperationId": "aibuilderpredict_customprompt",
                      "portalOperationGroup": "aibuilder",
                      "portalOperationApiDisplayNameOverride": "AI Builder",
                      "portalOperationIconOverride": "https://content.powerapps.com/resource/makerx/static/pauto/images/designeroperations/aiBuilderNew.51dbdb6b.png",
                      "portalOperationBrandColorOverride": "#0A76C4",
                      "portalOperationApiTierOverride": "Standard"
                    }
                  },
                  "type": "OpenApiConnection",
                  "inputs": {
                    "host": {
                      "connectionName": "shared_commondataserviceforapps",
                      "operationId": "aibuilderpredict_customprompt",
                      "apiId": "/providers/Microsoft.PowerApps/apis/shared_commondataserviceforapps"
                    },
                    "parameters": {
                      "recordId": "4e72b59a-17d6-451e-8657-89fbdec56d7a",
                      "item/requestv2/inputText": "@triggerBody()['text_1']",
                      "item/requestv2/entityToBeExtracted": "Name"
                    },
                    "authentication": "@parameters('$authentication')"
                  }
                },
                "Set_variable_5": {
                  "runAfter": {
                    "Create_text_with_GPT_using_a_prompt_5": [
                      "Succeeded"
                    ]
                  },
                  "metadata": {
                    "operationMetadataId": "e71cba26-d13e-47a6-9ae9-cc05f2facd03"
                  },
                  "type": "SetVariable",
                  "inputs": {
                    "name": "FinalResult",
                    "value": "@outputs('Create_text_with_GPT_using_a_prompt_5')?['body/responsev2/predictionOutput/text']"
                  }
                }
              }
            },
            "Case_5": {
              "case": "Grammar Check",
              "actions": {
                "Create_text_with_GPT_using_a_prompt_6": {
                  "runAfter": {},
                  "metadata": {
                    "operationMetadataId": "c80a5151-0fed-42eb-a4da-e7c0f7afe2b2"
                  },
                  "type": "OpenApiConnection",
                  "inputs": {
                    "host": {
                      "connectionName": "shared_commondataserviceforapps",
                      "operationId": "aibuilderpredict_customprompt",
                      "apiId": "/providers/Microsoft.PowerApps/apis/shared_commondataserviceforapps"
                    },
                    "parameters": {
                      "recordId": "e0b43931-068c-4ea2-91c2-d2e566a1173a",
                      "item/requestv2/InputTextAIPrompt": "@triggerBody()['text_1']"
                    },
                    "authentication": "@parameters('$authentication')"
                  }
                },
                "Set_variable_6": {
                  "runAfter": {
                    "Create_text_with_GPT_using_a_prompt_6": [
                      "Succeeded"
                    ]
                  },
                  "metadata": {
                    "operationMetadataId": "994296e1-f436-4dcb-b1e3-6da9d96956fe"
                  },
                  "type": "SetVariable",
                  "inputs": {
                    "name": "FinalResult",
                    "value": "@outputs('Create_text_with_GPT_using_a_prompt_6')?['body/responsev2/predictionOutput/text']"
                  }
                }
              }
            }
          },
          "default": {
            "actions": {}
          },
          "expression": "@triggerBody()['text']",
          "metadata": {
            "operationMetadataId": "6e76dffb-7b5f-47cd-8f6e-81812e6e15e7"
          },
          "type": "Switch"
        },
        "Initialize_variable_FinalResult": {
          "runAfter": {},
          "metadata": {
            "operationMetadataId": "1efca94b-c02b-46d2-8d99-24e64b407a3c"
          },
          "type": "InitializeVariable",
          "inputs": {
            "variables": [
              {
                "name": "FinalResult",
                "type": "string"
              }
            ]
          }
        },
        "Respond_to_a_PowerApp_or_flow": {
          "runAfter": {
            "Switch": [
              "Succeeded"
            ]
          },
          "metadata": {
            "operationMetadataId": "b234dfa9-d8da-4623-ad89-e6796cd84bb2"
          },
          "type": "Response",
          "kind": "PowerApp",
          "inputs": {
            "statusCode": 200,
            "body": {
              "outputtext": "@variables('FinalResult')"
            },
            "schema": {
              "type": "object",
              "properties": {
                "outputtext": {
                  "title": "OutputText",
                  "x-ms-dynamically-added": true,
                  "type": "string"
                }
              }
            }
          }
        }
      }
    },
    "templateName": ""
  },
  "schemaVersion": "1.0.0.0"
}