<ImportExportXml xmlns:xsi="http://www.w3.org/2001/XMLSchema-instance">
  <Entities></Entities>
  <Roles></Roles>
  <Workflows>
    <Workflow WorkflowId="{c3cf32b7-3bc8-ee11-9079-000d3a2b62ab}" Name="AI Prompts Power Automate">
      <JsonFileName>/Workflows/AIPromptsPowerAutomate-C3CF32B7-3BC8-EE11-9079-000D3A2B62AB.json</JsonFileName>
      <Type>1</Type>
      <Subprocess>0</Subprocess>
      <Category>5</Category>
      <Mode>0</Mode>
      <Scope>4</Scope>
      <OnDemand>0</OnDemand>
      <TriggerOnCreate>0</TriggerOnCreate>
      <TriggerOnDelete>0</TriggerOnDelete>
      <AsyncAutodelete>0</AsyncAutodelete>
      <SyncWorkflowLogOnFailure>0</SyncWorkflowLogOnFailure>
      <StateCode>1</StateCode>
      <StatusCode>2</StatusCode>
      <RunAs>1</RunAs>
      <IsTransacted>1</IsTransacted>
      <IntroducedVersion>1.0.0.0</IntroducedVersion>
      <IsCustomizable>1</IsCustomizable>
      <BusinessProcessType>0</BusinessProcessType>
      <IsCustomProcessingStepAllowedForOtherPublishers>1</IsCustomProcessingStepAllowedForOtherPublishers>
      <PrimaryEntity>none</PrimaryEntity>
      <LocalizedNames>
        <LocalizedName languagecode="1033" description="AI Prompts Power Automate" />
      </LocalizedNames>
    </Workflow>
  </Workflows>
  <FieldSecurityProfiles></FieldSecurityProfiles>
  <Templates />
  <EntityMaps />
  <EntityRelationships />
  <OrganizationSettings />
  <optionsets />
  <CustomControls />
  <EntityDataProviders />
  <CanvasApps>
    <CanvasApp>
      <Name>pwrtrnr_aipromptsdemoapp_1ce9e</Name>
      <AppVersion>2024-02-13T16:22:22Z</AppVersion>
      <Status>Ready</Status>
      <CreatedByClientVersion>3.24015.12.0</CreatedByClientVersion>
      <MinClientVersion>3.24015.12.0</MinClientVersion>
      <Tags>{"primaryDeviceWidth":"1366","primaryDeviceHeight":"768","supportsPortrait":"true","supportsLandscape":"true","primaryFormFactor":"Tablet","showStatusBar":"false","publisherVersion":"3.24015.12","minimumRequiredApiVersion":"2.2.0","hasComponent":"false","hasUnlockedComponent":"false","isUnifiedRootApp":"false","offlineLargeFilesSupport":"false","sienaVersion":"20240211T081946Z-3.24015.12.0"}</Tags>
      <IsCdsUpgraded>0</IsCdsUpgraded>
      <GalleryItemId xsi:nil="true"></GalleryItemId>
      <BackgroundColor>rgba(255, 255, 255, 1)</BackgroundColor>
      <DisplayName>AI Prompts Demo App</DisplayName>
      <Description xsi:nil="true"></Description>
      <CommitMessage xsi:nil="true"></CommitMessage>
      <Publisher xsi:nil="true"></Publisher>
      <AuthorizationReferences>[]</AuthorizationReferences>
      <ConnectionReferences>{"ba90aa83-a9ff-465e-9600-022575759a28":{"id":"/providers/microsoft.powerapps/apis/shared_logicflows","displayName":"Logic flows","iconUri":"https://connectoricons-prod.azureedge.net/releases/v1.0.1664/1.0.1664.3477/logicflows/icon.png","dataSources":["AIPromptsPowerAutomate"],"dependencies":["7fcd25b4-0d95-4fa1-ab03-15b494c32ee5"],"dependents":[],"parameterHints":{"workflowName":{"value":"584f28db-b979-4415-9748-7cd7006570e7"},"workflowEntityId":{},"workflowDisplayName":{"value":"AI Prompts Power Automate"},"7fcd25b4-0d95-4fa1-ab03-15b494c32ee5":{"value":"shared_commondataserviceforapps"}},"parameterHintsV2":{"workflowName":{"value":"584f28db-b979-4415-9748-7cd7006570e7"},"workflowEntityId":{},"workflowDisplayName":{"value":"AI Prompts Power Automate"},"shared_commondataserviceforapps":{"value":"7fcd25b4-0d95-4fa1-ab03-15b494c32ee5"}},"isOnPremiseConnection":false,"bypassConsent":false,"dataSets":{},"apiTier":"Standard","actions":["Run"]},"7fcd25b4-0d95-4fa1-ab03-15b494c32ee5":{"id":"/providers/microsoft.powerapps/apis/shared_commondataserviceforapps","displayName":"Microsoft Dataverse","iconUri":"https://connectoricons-prod.azureedge.net/releases/v1.0.1675/1.0.1675.3608/commondataserviceforapps/icon.png","dataSources":[],"dependencies":[],"dependents":["ba90aa83-a9ff-465e-9600-022575759a28"],"parameterHints":{},"parameterHintsV2":{},"isOnPremiseConnection":false,"bypassConsent":false,"dataSets":{},"apiTier":"Premium"}}</ConnectionReferences>
      <DatabaseReferences>{"default.cds":{"databaseDetails":{"referenceType":"Environmental","environmentName":"default.cds","overrideValues":{"status":"NotSpecified","environmentVariableName":""}},"dataSources":{"43b0dc67-68af-47ae-9a9c-9e69d396ba3e":{"entitySetName":"msdyn_aimodels","logicalName":"msdyn_aimodel"}},"components":[{"componentName":"msdyn_AIModel","identifier":"b9b636cf-9748-47a7-b617-6df5f00f5151","identifierType":"UniqueId"},{"componentName":"msdyn_AIModel","identifier":"c076eac8-f218-4feb-8ad1-7ee4fb039419","identifierType":"UniqueId"},{"componentName":"msdyn_AIModel","identifier":"572f57a7-7a8f-49fc-adb4-331e02c509a6","identifierType":"UniqueId"},{"componentName":"msdyn_AIModel","identifier":"2bcd7b94-50bc-4767-af4a-367c63fb5487","identifierType":"UniqueId"},{"componentName":"msdyn_AIModel","identifier":"4e72b59a-17d6-451e-8657-89fbdec56d7a","identifierType":"UniqueId"}]}}</DatabaseReferences>
      <AppComponents>[]</AppComponents>
      <AppComponentDependencies>[]</AppComponentDependencies>
      <CanConsumeAppPass>1</CanConsumeAppPass>
      <CanvasAppType>0</CanvasAppType>
      <BypassConsent>0</BypassConsent>
      <AdminControlBypassConsent>0</AdminControlBypassConsent>
      <EmbeddedApp xsi:nil="true"></EmbeddedApp>
      <IntroducedVersion>1.0</IntroducedVersion>
      <CdsDependencies>{"cdsdependencies":[{"logicalname":"msdyn_aimodel","componenttype":1},{"dependencyid":"b9b636cf-9748-47a7-b617-6df5f00f5151","logicalname":"","componenttype":401,"componenttypeplatformname":"msdyn_AIModel"},{"dependencyid":"c076eac8-f218-4feb-8ad1-7ee4fb039419","logicalname":"","componenttype":401,"componenttypeplatformname":"msdyn_AIModel"},{"dependencyid":"572f57a7-7a8f-49fc-adb4-331e02c509a6","logicalname":"","componenttype":401,"componenttypeplatformname":"msdyn_AIModel"},{"dependencyid":"2bcd7b94-50bc-4767-af4a-367c63fb5487","logicalname":"","componenttype":401,"componenttypeplatformname":"msdyn_AIModel"},{"dependencyid":"4e72b59a-17d6-451e-8657-89fbdec56d7a","logicalname":"","componenttype":401,"componenttypeplatformname":"msdyn_AIModel"}]}</CdsDependencies>
      <IsCustomizable>1</IsCustomizable>
      <BackgroundImageUri>/CanvasApps/pwrtrnr_aipromptsdemoapp_1ce9e_BackgroundImageUri</BackgroundImageUri>
      <DocumentUri>/CanvasApps/pwrtrnr_aipromptsdemoapp_1ce9e_DocumentUri.msapp</DocumentUri>
      <AdditionalUris>
        <AdditionalUri>/CanvasApps/pwrtrnr_aipromptsdemoapp_1ce9e_AdditionalUris0_identity.json</AdditionalUri>
      </AdditionalUris>
    </CanvasApp>
  </CanvasApps>
  <connectionreferences>
    <connectionreference connectionreferencelogicalname="pwrtrnr_sharedcommondataserviceforapps_c50f5">
      <connectionreferencedisplayname>Microsoft Dataverse AIPromptsSolution-c50f5</connectionreferencedisplayname>
      <connectorid>/providers/Microsoft.PowerApps/apis/shared_commondataserviceforapps</connectorid>
      <iscustomizable>1</iscustomizable>
      <statecode>0</statecode>
      <statuscode>1</statuscode>
    </connectionreference>
  </connectionreferences>
  <Languages>
    <Language>1033</Language>
  </Languages>
</ImportExportXml>